,Codon,AminoAcid
0,AAA,Lys
1,AAC,Asn
2,AAG,Lys
3,AAT,Asn
4,ACA,Thr
5,ACC,Thr
6,ACG,Thr
7,ACT,Thr
8,AGA,Arg
9,AGC,Ser
10,AGG,Arg
11,AGT,Ser
12,ATA,Ile
13,ATC,Ile
14,ATG,Met
15,ATT,Ile
16,CAA,Gln
17,CAC,His
18,CAG,Gln
19,CAT,His
20,CCA,Pro
21,CCC,Pro
22,CCG,Pro
23,CCT,Pro
24,CGA,Arg
25,CGC,Arg
26,CGG,Arg
27,CGT,Arg
28,CTA,Leu
29,CTC,Leu
30,CTG,Leu
31,CTT,Leu
32,GAA,Glu
33,GAC,Asp
34,GAG,Glu
35,GAT,Asp
36,GCA,Ala
37,GCC,Ala
38,GCG,Ala
39,GCT,Ala
40,GGA,Gly
41,GGC,Gly
42,GGG,Gly
43,GGT,Gly
44,GTA,Val
45,GTC,Val
46,GTG,Val
47,GTT,Val
48,TAA,Stp
49,TAC,Tyr
50,TAG,Stp
51,TAT,Tyr
52,TCA,Ser
53,TCC,Ser
54,TCG,Ser
55,TCT,Ser
56,TGA,Stp
57,TGC,Cys
58,TGG,Trp
59,TGT,Cys
60,TTA,Leu
61,TTC,Phe
62,TTG,Leu
63,TTT,Phe
